link,season,episode,title
https://transcripts.foreverdreaming.org/viewtopic.php?t=112615,13,22,Amelia
https://transcripts.foreverdreaming.org/viewtopic.php?t=111610,13,21,Mother Author Laser Pointer
https://transcripts.foreverdreaming.org/viewtopic.php?t=109302,13,20,Radio No You Didn't
https://transcripts.foreverdreaming.org/viewtopic.php?t=108424,13,19,Crab-solutely Fabulous
https://transcripts.foreverdreaming.org/viewtopic.php?t=107941,13,18,Gift Car or Buy Trying
https://transcripts.foreverdreaming.org/viewtopic.php?t=104859,13,17,Crows Encounters of the Bird Kind
https://transcripts.foreverdreaming.org/viewtopic.php?t=104752,13,16,What a (April) Fool Believes
https://transcripts.foreverdreaming.org/viewtopic.php?t=103715,13,15,The Show (And Tell) Must Go On
https://transcripts.foreverdreaming.org/viewtopic.php?t=102676,13,14,These Boots Are Made for Stalking
https://transcripts.foreverdreaming.org/viewtopic.php?t=102166,13,13,Stop! Or My Mom Will Sleuth!
https://transcripts.foreverdreaming.org/viewtopic.php?t=101408,13,12,Oh Row You Didn't
https://transcripts.foreverdreaming.org/viewtopic.php?t=96086,13,11,Cheaty Cheaty Bang Bang
https://transcripts.foreverdreaming.org/viewtopic.php?t=93550,13,10,The Plight Before Christmas
https://transcripts.foreverdreaming.org/viewtopic.php?t=92590,13,09,Show Mama from the Grave
https://transcripts.foreverdreaming.org/viewtopic.php?t=92071,13,08,Putts-giving
https://transcripts.foreverdreaming.org/viewtopic.php?t=91542,13,07,Ready Player Gene
https://transcripts.foreverdreaming.org/viewtopic.php?t=90893,13,06,Apple Gore-chard!
https://transcripts.foreverdreaming.org/viewtopic.php?t=90297,13,05,So You Stink You Can Dance
https://transcripts.foreverdreaming.org/viewtopic.php?t=89091,13,04,Comet-y of Errors
https://transcripts.foreverdreaming.org/viewtopic.php?t=88183,13,03,What About Job?
https://transcripts.foreverdreaming.org/viewtopic.php?t=87135,13,02,The Reeky Lake Show
https://transcripts.foreverdreaming.org/viewtopic.php?t=86173,13,01,"To Bob, or Not to Bob"
https://transcripts.foreverdreaming.org/viewtopic.php?t=73310,12,22,Some Like It Bot Part 2: Judge-bot Day
https://transcripts.foreverdreaming.org/viewtopic.php?t=72976,12,21,Grade Runner
https://transcripts.foreverdreaming.org/viewtopic.php?t=72501,12,20,Sauce Side Story
https://transcripts.foreverdreaming.org/viewtopic.php?t=72139,12,19,A-Sprout a Boy
https://transcripts.foreverdreaming.org/viewtopic.php?t=70811,12,18,Clear and Present Ginger
https://transcripts.foreverdreaming.org/viewtopic.php?t=69484,12,17,The Spider House Rules
https://transcripts.foreverdreaming.org/viewtopic.php?t=68457,12,16,Interview with a Pop-pop-pire
https://transcripts.foreverdreaming.org/viewtopic.php?t=67973,12,15,Ancient Misbehavin'
https://transcripts.foreverdreaming.org/viewtopic.php?t=66983,12,14,Video k*lled the Gene-io Star
https://transcripts.foreverdreaming.org/viewtopic.php?t=65834,12,13,Frigate Me Knot
https://transcripts.foreverdreaming.org/viewtopic.php?t=64933,12,12,Ferry on My Wayward Bob and Linda
https://transcripts.foreverdreaming.org/viewtopic.php?t=59191,12,11,Touch of Eval
https://transcripts.foreverdreaming.org/viewtopic.php?t=57559,12,10,Gene's Christmas Break
https://transcripts.foreverdreaming.org/viewtopic.php?t=56008,12,09,FOMO You Didn't
https://transcripts.foreverdreaming.org/viewtopic.php?t=55235,12,08,Stuck in the Kitchen with You
https://transcripts.foreverdreaming.org/viewtopic.php?t=54562,12,07,Loft in Bedslation
https://transcripts.foreverdreaming.org/viewtopic.php?t=54034,12,06,"Beach, Please"
https://transcripts.foreverdreaming.org/viewtopic.php?t=52578,12,05,Seven-tween Again
https://transcripts.foreverdreaming.org/viewtopic.php?t=52246,12,04,Driving Big Dummy
https://transcripts.foreverdreaming.org/viewtopic.php?t=52245,12,04,Driving Big Dummy
https://transcripts.foreverdreaming.org/viewtopic.php?t=51792,12,03,The Pumpkinening
https://transcripts.foreverdreaming.org/viewtopic.php?t=51561,12,02,Crystal Mess
https://transcripts.foreverdreaming.org/viewtopic.php?t=51300,12,01,Manic Pixie Crap Show
https://transcripts.foreverdreaming.org/viewtopic.php?t=45005,11,22,Vampire Disco Death Dance
https://transcripts.foreverdreaming.org/viewtopic.php?t=44905,11,21,Tell Me Dumb Thing Good
https://transcripts.foreverdreaming.org/viewtopic.php?t=44726,11,20,Steal Magazine-olias
https://transcripts.foreverdreaming.org/viewtopic.php?t=44631,11,19,Bridge Over Troubled Rudy
https://transcripts.foreverdreaming.org/viewtopic.php?t=44291,11,18,Some Kind of Fender Benderful
https://transcripts.foreverdreaming.org/viewtopic.php?t=44131,11,17,Fingers-loose
https://transcripts.foreverdreaming.org/viewtopic.php?t=43698,11,16,Y Tu Tina Tambien
https://transcripts.foreverdreaming.org/viewtopic.php?t=43586,11,15,Sheshank Redemption
https://transcripts.foreverdreaming.org/viewtopic.php?t=43353,11,14,Mr. Lonely Farts
https://transcripts.foreverdreaming.org/viewtopic.php?t=43258,11,13,An Incon-wheelie-ent Truth
https://transcripts.foreverdreaming.org/viewtopic.php?t=43142,11,12,"Die Card, or Card Trying"
https://transcripts.foreverdreaming.org/viewtopic.php?t=42554,11,11,Romancing the Beef
https://transcripts.foreverdreaming.org/viewtopic.php?t=40717,11,10,Yachty or Nice
https://transcripts.foreverdreaming.org/viewtopic.php?t=40615,11,09,Mommy Boy
https://transcripts.foreverdreaming.org/viewtopic.php?t=40553,11,08,The Terminalator II: Terminals of Endearment
https://transcripts.foreverdreaming.org/viewtopic.php?t=40480,11,07,Diarrhea of a Poopy Kid
https://transcripts.foreverdreaming.org/viewtopic.php?t=40404,11,06,"Bob Belcher and the Terrible, Horrible, No Good, Very Bad Kids"
https://transcripts.foreverdreaming.org/viewtopic.php?t=39665,11,05,Fast Time Capsules at Wagstaff School
https://transcripts.foreverdreaming.org/viewtopic.php?t=39120,11,04,Heartbreak Hotel-oween
https://transcripts.foreverdreaming.org/viewtopic.php?t=38790,11,03,Copa-bob-bana
https://transcripts.foreverdreaming.org/viewtopic.php?t=38652,11,02,Worms of In-rear-ment
https://transcripts.foreverdreaming.org/viewtopic.php?t=38329,11,01,Dream a Little Bob of Bob
https://transcripts.foreverdreaming.org/viewtopic.php?t=36499,10,22,Prank You for Being a Friend
https://transcripts.foreverdreaming.org/viewtopic.php?t=36477,10,21,Local She-ro
https://transcripts.foreverdreaming.org/viewtopic.php?t=36455,10,20,Poops!... I Didn't Do It Again
https://transcripts.foreverdreaming.org/viewtopic.php?t=36389,10,19,The Handyman Can
https://transcripts.foreverdreaming.org/viewtopic.php?t=36291,10,18,Tappy Tappy Tappy Tap Tap Tap
https://transcripts.foreverdreaming.org/viewtopic.php?t=36142,10,17,Just the Trip
https://transcripts.foreverdreaming.org/viewtopic.php?t=36085,10,16,Flat-Top O' the Morning to Ya
https://transcripts.foreverdreaming.org/viewtopic.php?t=36042,10,15,Yurty Rotten Scoundrels
https://transcripts.foreverdreaming.org/viewtopic.php?t=36009,10,14,Wag the Song
https://transcripts.foreverdreaming.org/viewtopic.php?t=35970,10,13,Three Girls and a Little Wharfy
https://transcripts.foreverdreaming.org/viewtopic.php?t=35922,10,12,A Fish Called Tina
https://transcripts.foreverdreaming.org/viewtopic.php?t=35676,10,11,Drumforgiven
https://transcripts.foreverdreaming.org/viewtopic.php?t=35547,10,10,Have Yourself a Maily Linda Christmas
https://transcripts.foreverdreaming.org/viewtopic.php?t=35438,10,09,All That Gene
https://transcripts.foreverdreaming.org/viewtopic.php?t=35341,10,08,Now We're Not Cooking with Gas
https://transcripts.foreverdreaming.org/viewtopic.php?t=35276,10,07,Land of the Loft
https://transcripts.foreverdreaming.org/viewtopic.php?t=35153,10,06,The Hawkening: Look Who's Hawking Now
https://transcripts.foreverdreaming.org/viewtopic.php?t=34973,10,05,Legends of the Mall
https://transcripts.foreverdreaming.org/viewtopic.php?t=34687,10,04,Pig Trouble in Little Tina
https://transcripts.foreverdreaming.org/viewtopic.php?t=34618,10,03,"Motor, She Boat"
https://transcripts.foreverdreaming.org/viewtopic.php?t=34550,10,02,Boys Just Wanna Have Fungus
https://transcripts.foreverdreaming.org/viewtopic.php?t=34404,10,01,The Ring (But Not Scary)
https://transcripts.foreverdreaming.org/viewtopic.php?t=33622,08,21,"Something Old, Something New, Something Bob Caters for You"
https://transcripts.foreverdreaming.org/viewtopic.php?t=33621,08,20,Mission Impos-slug-ble
https://transcripts.foreverdreaming.org/viewtopic.php?t=33620,08,19,Mo Mommy Mo Problems
https://transcripts.foreverdreaming.org/viewtopic.php?t=33619,08,18,As I Walk Through the Alley of the Shadow of Ramps
https://transcripts.foreverdreaming.org/viewtopic.php?t=33618,08,17,Boywatch
https://transcripts.foreverdreaming.org/viewtopic.php?t=33617,08,16,"Are You There Bob? It's Me, Birthday"
https://transcripts.foreverdreaming.org/viewtopic.php?t=33616,08,15,Go Tina on the Mountain
https://transcripts.foreverdreaming.org/viewtopic.php?t=33612,09,22,Yes Without My Zeke
https://transcripts.foreverdreaming.org/viewtopic.php?t=33609,08,14,The Trouble With Doubles
https://transcripts.foreverdreaming.org/viewtopic.php?t=33608,08,13,Cheer Up Sleepy Gene
https://transcripts.foreverdreaming.org/viewtopic.php?t=33607,08,12,The Hurt Soccer
https://transcripts.foreverdreaming.org/viewtopic.php?t=33606,08,11,Sleeping with the Frenemy
https://transcripts.foreverdreaming.org/viewtopic.php?t=33605,08,10,The Secret Ceramics Room of Secrets
https://transcripts.foreverdreaming.org/viewtopic.php?t=33604,08,09,Y Tu Ga-Ga Tambien
https://transcripts.foreverdreaming.org/viewtopic.php?t=33603,08,08,V for Valentine-detta
https://transcripts.foreverdreaming.org/viewtopic.php?t=33602,08,06,08x07 - Bleakening Pts 1 & 2
https://transcripts.foreverdreaming.org/viewtopic.php?t=33593,08,05,Thanks-Hoarding
https://transcripts.foreverdreaming.org/viewtopic.php?t=33592,08,04,Sit Me Baby One More Time
https://transcripts.foreverdreaming.org/viewtopic.php?t=33591,08,03,The Wolf of Wharf Street
https://transcripts.foreverdreaming.org/viewtopic.php?t=33590,08,02,The Silence of the Louise
https://transcripts.foreverdreaming.org/viewtopic.php?t=33589,08,01,Brunchsquatch
https://transcripts.foreverdreaming.org/viewtopic.php?t=33532,09,21,P.T.A It Ain't So
https://transcripts.foreverdreaming.org/viewtopic.php?t=33523,07,22,Into the Mild
https://transcripts.foreverdreaming.org/viewtopic.php?t=33522,07,21,Paraders of the Lost Float
https://transcripts.foreverdreaming.org/viewtopic.php?t=33521,07,20,"Mom, Lies and Videotapes"
https://transcripts.foreverdreaming.org/viewtopic.php?t=33520,07,19,Thelma & Louise Except Thelma is Linda
https://transcripts.foreverdreaming.org/viewtopic.php?t=33519,07,18,The Laser-inth
https://transcripts.foreverdreaming.org/viewtopic.php?t=33518,07,17,Zero Larp Thirty
https://transcripts.foreverdreaming.org/viewtopic.php?t=33517,07,16,Eggs for Days
https://transcripts.foreverdreaming.org/viewtopic.php?t=33516,07,15,Ain't Miss Debatin'
https://transcripts.foreverdreaming.org/viewtopic.php?t=33515,07,14,Aquaticism
https://transcripts.foreverdreaming.org/viewtopic.php?t=33514,07,13,The Grand Mama-Pest Hotel
https://transcripts.foreverdreaming.org/viewtopic.php?t=33513,07,12,Like Gene For Chocolate
https://transcripts.foreverdreaming.org/viewtopic.php?t=33512,07,11,A Few 'Gurt Men
https://transcripts.foreverdreaming.org/viewtopic.php?t=33510,09,01,Just One of the Boyz 4 Now for Now
https://transcripts.foreverdreaming.org/viewtopic.php?t=33509,09,02,The Taking of Funtime One Two Three
https://transcripts.foreverdreaming.org/viewtopic.php?t=33508,09,03,Tweentrepreneurs
https://transcripts.foreverdreaming.org/viewtopic.php?t=33507,09,04,Nightmare on Ocean Avenue Street
https://transcripts.foreverdreaming.org/viewtopic.php?t=33506,09,05,Live and Let Fly
https://transcripts.foreverdreaming.org/viewtopic.php?t=33505,09,06,Bobby Driver
https://transcripts.foreverdreaming.org/viewtopic.php?t=33504,09,07,I Bob Your Pardon
https://transcripts.foreverdreaming.org/viewtopic.php?t=33479,09,20,The Gene Mile
https://transcripts.foreverdreaming.org/viewtopic.php?t=33380,09,19,"Long Time Listener, First Time Bob"
https://transcripts.foreverdreaming.org/viewtopic.php?t=33297,09,18,"If You Love It So Much, Why Don't You Marionette?"
https://transcripts.foreverdreaming.org/viewtopic.php?t=33205,09,17,What About Blob?
https://transcripts.foreverdreaming.org/viewtopic.php?t=33085,09,16,Roamin' Bob-iday
https://transcripts.foreverdreaming.org/viewtopic.php?t=33014,09,15,The Fresh Princ-ipal
https://transcripts.foreverdreaming.org/viewtopic.php?t=32854,09,14,Every Which Way But Goose
https://transcripts.foreverdreaming.org/viewtopic.php?t=32816,09,13,"Bed, Bob and Beyond"
https://transcripts.foreverdreaming.org/viewtopic.php?t=32555,09,12,The Helen Hunt
https://transcripts.foreverdreaming.org/viewtopic.php?t=32500,09,11,"Lorenzo's Oil? No, Linda's"
https://transcripts.foreverdreaming.org/viewtopic.php?t=32428,09,10,Better Off Sled
https://transcripts.foreverdreaming.org/viewtopic.php?t=32388,09,09,UFO No You Didn't
https://transcripts.foreverdreaming.org/viewtopic.php?t=32358,09,08,Roller? I Hardly Knew Her!
https://transcripts.foreverdreaming.org/viewtopic.php?t=31134,07,10,There's No Business Like Mr. Business Business
https://transcripts.foreverdreaming.org/viewtopic.php?t=31004,07,09,Bob Actually
https://transcripts.foreverdreaming.org/viewtopic.php?t=30484,07,08,Ex MachTina
https://transcripts.foreverdreaming.org/viewtopic.php?t=29980,07,07,The Last Gingerbread House on the Left
https://transcripts.foreverdreaming.org/viewtopic.php?t=29887,07,06,The Quirkducers
https://transcripts.foreverdreaming.org/viewtopic.php?t=29886,07,05,"Large Brother, Where Fart Thou?"
https://transcripts.foreverdreaming.org/viewtopic.php?t=29552,07,04,"They Serve Horses, Dont They"
https://transcripts.foreverdreaming.org/viewtopic.php?t=29244,07,03,Teen-a Witch
https://transcripts.foreverdreaming.org/viewtopic.php?t=28985,07,02,Sea Me Now
https://transcripts.foreverdreaming.org/viewtopic.php?t=28772,07,01,Flu-ouise
https://transcripts.foreverdreaming.org/viewtopic.php?t=27326,06,19,"Glued, Where's My Bob?"
https://transcripts.foreverdreaming.org/viewtopic.php?t=27325,06,18,Secret Admiral-irer
https://transcripts.foreverdreaming.org/viewtopic.php?t=27232,06,17,The Horse Rider-Er
https://transcripts.foreverdreaming.org/viewtopic.php?t=27071,06,16,Bye Bye Boo Boo
https://transcripts.foreverdreaming.org/viewtopic.php?t=26856,06,15,Pro Tiki Con Tiki
https://transcripts.foreverdreaming.org/viewtopic.php?t=26694,06,14,The Hormone-iums
https://transcripts.foreverdreaming.org/viewtopic.php?t=26570,06,13,Wag the Hog
https://transcripts.foreverdreaming.org/viewtopic.php?t=26410,06,12,Stand by Gene
https://transcripts.foreverdreaming.org/viewtopic.php?t=26409,06,11,House of 1000 Bounces
https://transcripts.foreverdreaming.org/viewtopic.php?t=26016,06,10,Lice Things Are Lice
https://transcripts.foreverdreaming.org/viewtopic.php?t=25787,06,09,Sacred Couch
https://transcripts.foreverdreaming.org/viewtopic.php?t=25516,06,08,Sexy Dance Healing
https://transcripts.foreverdreaming.org/viewtopic.php?t=25204,06,07,The Gene and Courtney Show
https://transcripts.foreverdreaming.org/viewtopic.php?t=24787,06,06,"The Cook, the Steve, the Gayle, and Her Lover"
https://transcripts.foreverdreaming.org/viewtopic.php?t=23781,06,05,Nice Capades
https://transcripts.foreverdreaming.org/viewtopic.php?t=23640,06,04,Gayle Making Bob Sled
https://transcripts.foreverdreaming.org/viewtopic.php?t=23183,06,03,Hauntening
https://transcripts.foreverdreaming.org/viewtopic.php?t=22983,06,02,The Land Ship
https://transcripts.foreverdreaming.org/viewtopic.php?t=22636,06,01,Sliding Bobs
https://transcripts.foreverdreaming.org/viewtopic.php?t=20997,05,20,Hawk & Chick
https://transcripts.foreverdreaming.org/viewtopic.php?t=20998,05,21,The Oeder Games
https://transcripts.foreverdreaming.org/viewtopic.php?t=20996,05,19,Housetrap
https://transcripts.foreverdreaming.org/viewtopic.php?t=20995,05,18,"Eat, Spray, Linda"
https://transcripts.foreverdreaming.org/viewtopic.php?t=20994,05,17,The Itty Bitty Ditty Committee
https://transcripts.foreverdreaming.org/viewtopic.php?t=20993,05,16,The Runaway Club
https://transcripts.foreverdreaming.org/viewtopic.php?t=20992,05,15,Adventures In Chinchilla-sitting
https://transcripts.foreverdreaming.org/viewtopic.php?t=20991,05,14,L'il Hard Dad
https://transcripts.foreverdreaming.org/viewtopic.php?t=20990,05,13,The Gayle Tales
https://transcripts.foreverdreaming.org/viewtopic.php?t=20989,05,12,The Millie-churian Candidate
https://transcripts.foreverdreaming.org/viewtopic.php?t=20988,05,11,Can't Buy Me Math
https://transcripts.foreverdreaming.org/viewtopic.php?t=20987,05,10,Late Afternoon in the Garden of Bob and Louise
https://transcripts.foreverdreaming.org/viewtopic.php?t=20986,05,09,Speakeasy Rider
https://transcripts.foreverdreaming.org/viewtopic.php?t=20985,05,08,Midday Run
https://transcripts.foreverdreaming.org/viewtopic.php?t=20984,05,07,Tina Tailor Soldier Spy
https://transcripts.foreverdreaming.org/viewtopic.php?t=20983,05,06,Father of the Bob
https://transcripts.foreverdreaming.org/viewtopic.php?t=20982,05,05,Best Burger
https://transcripts.foreverdreaming.org/viewtopic.php?t=20981,05,04,Dawn of the Peck
https://transcripts.foreverdreaming.org/viewtopic.php?t=20980,05,03,Friends with Burger-fits
https://transcripts.foreverdreaming.org/viewtopic.php?t=20979,05,02,Tina and the Real Ghost
https://transcripts.foreverdreaming.org/viewtopic.php?t=20978,05,01,"Work Hard or Die Trying, Girl"
https://transcripts.foreverdreaming.org/viewtopic.php?t=20977,04,22,World Wharf II: The Wharfening (or How Bob Saves/Destroys the Town -- Part II)
https://transcripts.foreverdreaming.org/viewtopic.php?t=20976,04,21,Wharf Horse
https://transcripts.foreverdreaming.org/viewtopic.php?t=20975,04,20,Gene It On
https://transcripts.foreverdreaming.org/viewtopic.php?t=20974,04,19,The Kids Run Away
https://transcripts.foreverdreaming.org/viewtopic.php?t=20973,04,18,Ambergris
https://transcripts.foreverdreaming.org/viewtopic.php?t=20972,04,17,The Equestranauts
https://transcripts.foreverdreaming.org/viewtopic.php?t=20971,04,16,I Get Psy-chic Out of You
https://transcripts.foreverdreaming.org/viewtopic.php?t=20970,04,15,The Kids Rob a Train
https://transcripts.foreverdreaming.org/viewtopic.php?t=20969,04,14,Uncle Teddy
https://transcripts.foreverdreaming.org/viewtopic.php?t=20968,04,13,Mazel Tina
https://transcripts.foreverdreaming.org/viewtopic.php?t=20967,04,12,The Frond Files
https://transcripts.foreverdreaming.org/viewtopic.php?t=20966,04,11,"Easy Com-mercial, Easy Go-mercial"
https://transcripts.foreverdreaming.org/viewtopic.php?t=20965,04,10,Presto Tina-o
https://transcripts.foreverdreaming.org/viewtopic.php?t=20964,04,09,Slumber Party
https://transcripts.foreverdreaming.org/viewtopic.php?t=20963,04,08,Christmas in a Car
https://transcripts.foreverdreaming.org/viewtopic.php?t=20962,04,07,Bob and Deliver
https://transcripts.foreverdreaming.org/viewtopic.php?t=20961,04,06,Purple Rain-Union
https://transcripts.foreverdreaming.org/viewtopic.php?t=20960,04,05,Turkey in a Can
https://transcripts.foreverdreaming.org/viewtopic.php?t=20959,04,04,My Big Fat Greek Bob
https://transcripts.foreverdreaming.org/viewtopic.php?t=20958,04,03,Seaplane!
https://transcripts.foreverdreaming.org/viewtopic.php?t=20957,04,02,Fort Night
https://transcripts.foreverdreaming.org/viewtopic.php?t=20956,04,01,A River Runs Through Bob
https://transcripts.foreverdreaming.org/viewtopic.php?t=20955,03,23,The Unnatural
https://transcripts.foreverdreaming.org/viewtopic.php?t=20954,03,22,Carpe Museum
https://transcripts.foreverdreaming.org/viewtopic.php?t=20953,03,21,Boyz 4 Now
https://transcripts.foreverdreaming.org/viewtopic.php?t=20952,03,20,The Kids Run the Restaurant
https://transcripts.foreverdreaming.org/viewtopic.php?t=20951,03,19,Family Fracas
https://transcripts.foreverdreaming.org/viewtopic.php?t=20950,03,18,It Snakes a Village
https://transcripts.foreverdreaming.org/viewtopic.php?t=20949,03,17,Two For Tina
https://transcripts.foreverdreaming.org/viewtopic.php?t=20948,03,16,Topsy
https://transcripts.foreverdreaming.org/viewtopic.php?t=20947,03,15,O.T. The Outside Toilet
https://transcripts.foreverdreaming.org/viewtopic.php?t=20946,03,14,Lindapendent Woman
https://transcripts.foreverdreaming.org/viewtopic.php?t=20945,03,13,My Fuzzy Valentine
https://transcripts.foreverdreaming.org/viewtopic.php?t=20944,03,12,Broadcast Wagstaff School News
https://transcripts.foreverdreaming.org/viewtopic.php?t=20943,03,11,Nude Beach
https://transcripts.foreverdreaming.org/viewtopic.php?t=20942,03,10,Mother Daughter Laser Razor
https://transcripts.foreverdreaming.org/viewtopic.php?t=20941,03,09,God Rest Ye Merry Gentle-Mannequins
https://transcripts.foreverdreaming.org/viewtopic.php?t=20940,03,08,The Unbearable Like-Likeness of Gene
https://transcripts.foreverdreaming.org/viewtopic.php?t=20939,03,07,Tina-Rannosaurus Wrecks
https://transcripts.foreverdreaming.org/viewtopic.php?t=20938,03,06,The Deepening
https://transcripts.foreverdreaming.org/viewtopic.php?t=20937,03,05,An Indecent Thanksgiving Proposal
https://transcripts.foreverdreaming.org/viewtopic.php?t=20936,03,04,Mutiny on the Windbreaker
https://transcripts.foreverdreaming.org/viewtopic.php?t=20935,03,03,Bob Fires the Kids
https://transcripts.foreverdreaming.org/viewtopic.php?t=20934,03,02,Full Bars
https://transcripts.foreverdreaming.org/viewtopic.php?t=20933,03,01,Ear-sy Rider
https://transcripts.foreverdreaming.org/viewtopic.php?t=20932,02,09,Beefsquatch
https://transcripts.foreverdreaming.org/viewtopic.php?t=20931,02,08,Bad Tina
https://transcripts.foreverdreaming.org/viewtopic.php?t=20930,02,07,Moody Foodie
https://transcripts.foreverdreaming.org/viewtopic.php?t=20929,02,06,Dr. Yap
https://transcripts.foreverdreaming.org/viewtopic.php?t=20928,02,05,Food Truckin’
https://transcripts.foreverdreaming.org/viewtopic.php?t=20927,02,04,Burgerboss
https://transcripts.foreverdreaming.org/viewtopic.php?t=20926,02,03,Synchronized Swimming
https://transcripts.foreverdreaming.org/viewtopic.php?t=20925,02,02,Bob Day Afternoon
https://transcripts.foreverdreaming.org/viewtopic.php?t=20924,02,01,The Belchies
https://transcripts.foreverdreaming.org/viewtopic.php?t=20923,01,13,Torpedo
https://transcripts.foreverdreaming.org/viewtopic.php?t=20922,01,12,Lobsterfest
https://transcripts.foreverdreaming.org/viewtopic.php?t=20921,01,11,Weekend at Mort’s
https://transcripts.foreverdreaming.org/viewtopic.php?t=20920,01,10,Burger Wars
https://transcripts.foreverdreaming.org/viewtopic.php?t=20919,01,09,Spaghetti Western and Meatballs
https://transcripts.foreverdreaming.org/viewtopic.php?t=20918,01,08,Art Crawl
https://transcripts.foreverdreaming.org/viewtopic.php?t=20917,01,07,Bed & Breakfast
https://transcripts.foreverdreaming.org/viewtopic.php?t=20916,01,06,"Sheesh! Cab, Bob?"
https://transcripts.foreverdreaming.org/viewtopic.php?t=20915,01,05,Hamburger Dinner Theater
https://transcripts.foreverdreaming.org/viewtopic.php?t=20914,01,04,Sexy Dance Fighting
https://transcripts.foreverdreaming.org/viewtopic.php?t=20913,01,03,Sacred Cow
https://transcripts.foreverdreaming.org/viewtopic.php?t=20912,01,02,Crawl Space
https://transcripts.foreverdreaming.org/viewtopic.php?t=20911,01,01,Human Flesh
